{
  "Book-Api" : {
    "transaction" : "Book-Api",
    "sampleCount" : 167,
    "errorCount" : 0,
    "errorPct" : 0.0,
    "meanResTime" : 597.2814371257487,
    "medianResTime" : 569.0,
    "minResTime" : 493.0,
    "maxResTime" : 1577.0,
    "pct1ResTime" : 623.4000000000001,
    "pct2ResTime" : 929.3999999999996,
    "pct3ResTime" : 1544.3599999999997,
    "throughput" : 2.7865843484064743,
    "receivedKBytesPerSec" : 9.350296700317037,
    "sentKBytesPerSec" : 0.36465068621725344
  },
  "Total" : {
    "transaction" : "Total",
    "sampleCount" : 167,
    "errorCount" : 0,
    "errorPct" : 0.0,
    "meanResTime" : 597.2814371257487,
    "medianResTime" : 569.0,
    "minResTime" : 493.0,
    "maxResTime" : 1577.0,
    "pct1ResTime" : 623.4000000000001,
    "pct2ResTime" : 929.3999999999996,
    "pct3ResTime" : 1544.3599999999997,
    "throughput" : 2.7865843484064743,
    "receivedKBytesPerSec" : 9.350296700317037,
    "sentKBytesPerSec" : 0.36465068621725344
  }
}